"Palabra","Lengua","Propuesta","Notas"
"Abancay","Quechua","/Awanqawi/","Este topónimo es interpretable como 'lugar con textileria', al respecto véase: Cerron Palomino, R. (2004). Las etimologías toponímicas del Inca Garcilazo. En Revista Andina, Nº 38, pp. 9 -  41."
"Acaurimachi","Incierto","Incierto","n.d."
"Accha","Incierto","Incierto","Consideramos que el significado que tiene esta palabra en quechua de 'pelo' no es apropiado para un topónimo. Hemos acudido a diccionarios modernos debido a que  <b>aqcha </b> no se ubica en diccionarios coloniales como el de Santo Domingo que registra tambien vocablos no sureños. Sobre diccionarios modernos véase: Cerrón Palomino, R. (1976) Diccionario quechua Junin – Huanca. Lima: Ministerio de Educación, Instituto de Estudios Peruanos. (2015) Toponimia andina: Problemas y métodos. En Lexis, Vol. XXXIX (1) 2015, pp. 183-197."
"Achache","Aimara","/Achachi/","Achachi. Viejo'. Al respecto véase: Bertonio, L. (2006 [1612]) Vocabulario de la lengua aymara. Perú: Ediciones El Lector. Página: 437"
"achigua","Quechua","/Achiwa/","El significado que coloca Betanzos puede además corroborarse con el diccionario anónimo del tercer concilio limense, véase: Anónimo (2014 [1586]) Arte y vocabulario en la lengua general del Perú. Edición interpretada y modernizada de Cerrón-Palomino, R., Araujo, R. B., & Palma, J. A. Lima: Pontificia Universidad Católica del Perú, Instituto Riva-Agüero. Página: 45. -- Betanzos, Juan. (2018 [1551]). Juan de Betanzos y el Tahuantinsuyo: Nueva edición de la Suma y Narración de los Incas. Hernadéz Astete y Cerron Palomino (ed.) Lima: Fondo Editorial de la PUCP."
"Aco","Incierto","Incierto","n.d."
"adoratorio","Castellano","n.d.","n.d."
"agí","Taíno ","/Aŝi/","Véase: Corominas, J. (1983). Breve diccionario etimológico de la lengua castellana. Madrid: Editorial Gredos. Página: 34."
"Aguapante","Incierto","/Awapanti/","Para la interpretación fonética véase: Betanzos, Juan. (2018[1551]). Juan de Betanzos y el Tahuantinsuyo: Nueva edición de la Suma y Narración de los Incas. Hernadéz Astete y Cerron Palomino (ed.) Lima: Fondo Editorial de la PUCP. Página: 444. -- Hemos podido hallar que en quechua de Calca, distrito de Lamay, el panti es una flor de color entre roja y rosada recogida en época de carnavales. Tambien hemos hallado este vocablo en aimara como nombre de una flor, al respecto véase: Bertonio, L. (2006 [1612]) Vocabulario de la lengua aymara. Perú: Ediciones El Lector. Página: 632. "
"Aguapaure","Incierto","Incierto","n.d."
"aillo/aillos/ayllo/ayllos","Quechua ","/Ayllu/","En todos los casos se refiere a una boleadora incaica, además esa es la descripción que hace el cronista. Este significado de  <b>ayllu </b> tambien está recogido en diccionarios coloniales, véase: Anónimo (2014 [1586]) Arte y vocabulario en la lengua general del Perú. Edición interpretada y modernizada de Cerrón-Palomino, R., Araujo, R. B., & Palma, J. A. Lima: Pontificia Universidad Católica del Perú, Instituto Riva-Agüero. Página: 54"
"Alcabicça/Alcavicça","Aimara/Puquina","/Allqa wisa/","Interpretación en base a: Betanzos, Juan. (2018[1551]). Juan de Betanzos y el Tahuantinsuyo: Nueva edición de la Suma y Narración de los Incas. Hernadéz Astete y Cerron Palomino (ed.) Lima: Fondo Editorial de la PUCP. Página: 444.  -- Sin embargo, Cieza de León transcribe {Alcaviquiça} lo cual podría remontarnos a 'allqa wiksa' o 'allqa wiqsa'. --  Para la asignación aimara de  <b>allqa </b> véase: Bertonio, L. (2006 [1612]) Vocabulario de la lengua aymara. Perú: Ediciones El Lector. Página: 441. -- Para asignación puquina de {vicça} véase: Cerrón Palomino, R. (2013). El corpus garcilasiano de la lengua particular. En Las lenguas de los incas (pp. 83 - 111). Frankfurt: PL Academic Research. Página: 96."
"allapocoiquis","Incierto/Puquina","/Allapuquy khis/","Aunque hipóteticamente podríamos interpretar desde el quechua {alla} y {pocoi} como 'cosechar papas' y 'madurar' respectivamente, la fusión en {Allapocoi} es desconcertante. -- Sobre el vocablo {quis} que significa 'mes' y tiene su correlación en los textos de Ore con la palabra puquina  <b>hisi </b> (Cerron, 2013, p.70) véase: Cerrón Palomino, R. (2013). La lengua particular de los Incas. En Las lenguas de los incas (pp. 53 - 82). Frankfurt: PL Academic Research."
"amaro","Quechua ","/Amaru/","culebras gruesas que ellos llaman amaro', para corroborar esta afirmación véase: Anónimo (2014 [1586]) Arte y vocabulario en la lengua general del Perú. Edición interpretada y modernizada de Cerrón-Palomino, R., Araujo, R. B., & Palma, J. A. Lima: Pontificia Universidad Católica del Perú, Instituto Riva-Agüero. Página: 49"
"Amaro Topa Ynga","Quechua/Quechua/Puquina","/Amaru Thupa Inqa/","Para la asignación quechua de  <b>amaru </b> véase: Anónimo (2014 [1586]) Arte y vocabulario en la lengua general del Perú. Edición interpretada y modernizada de Cerrón-Palomino, R., Araujo, R. B., & Palma, J. A. Lima: Pontificia Universidad Católica del Perú, Instituto Riva-Agüero. Página: 49. -- Sobre la interpretación de {topa}, consideramos que está relacionado con el actual apellido 'Thupa', apellido que además aparece en la documentación colonial. Por otro lado, González Holguín (1952[1608], p. 225) anota {ttopa coca} como 'coca de hojas chicas'. Véase: Gonzales Holguin, D. (1952 [1608]) Vocabulario de la lengva general de todo el Perv llamada lengua qquichua o del inca. Lima: Universidad Nacional Mayor de San Marcos. Página: 225. -- Respecto de  <b>inqa </b> véase: Cerrón Palomino, R. (2021) Los riesgos de una linguistica desmemoriada: A propósito de la etimología puquina de {inca}. En Lexis, Vol XLV (1) 2021, pp. 227 - 261."
"anaconas/yanaconas","Quechua ","/Yanakuna/","Entendido como el 'criado de servicio' y pese a la presencia del sufijo  <b>-kuna </b>, no necesariamente en plural. Al respecto véase: Anónimo (2014 [1586]) Arte y vocabulario en la lengua general del Perú. Edición interpretada y modernizada de Cerrón-Palomino, R., Araujo, R. B., & Palma, J. A. Lima: Pontificia Universidad Católica del Perú, Instituto Riva-Agüero. Página: 241"
"Anaguarque","Incierto/Puquina","/Ana warki/","No tenemos datos para el término {ana}, aunque para explicar {guarque} tenemos la tesis de Cerrón Palomino, en cuya interpretación es 'ladera de cerro' (Cerrón, p. 77). -- Referencia: Cerrón-Palomino, Rodolfo (2020) 'La presencia puquina en el Formativo Tardío en el valle del Cuzco'. En VEGA-CENTENO, Rafael y Jalh DULANTO (editores). Los desafíos del tiempo, el espacio y la memoria: ensayos en homenaje a Peter Kaulicke. Lima: Pontificia Universidad Católica del Perú, Fondo Editorial, pp. 69-87"
"Andaguailas","Quechua/Quechua","/Anta wayllas/","Respecto de {anda}, este lo interpretamos como la versión sonora de  <b>anta </b>, esta sonorización luego de 'n' es común actualmente en variantes quechuas del norte. Para su filiación quechua y significado, véase: Anónimo (2014 [1586]) Arte y vocabulario en la lengua general del Perú. Edición interpretada y modernizada de Cerrón-Palomino, R., Araujo, R. B., & Palma, J. A. Lima: Pontificia Universidad Católica del Perú, Instituto Riva-Agüero. Página: 50. -- Para el término  <b>wayla </b>, esta la interpretamos como variante de  <b>waylla </b>, es decir 'prado' en quechua, en base a: Betanzos, Juan. (2018[1551]). Juan de Betanzos y el Tahuantinsuyo: Nueva edición de la Suma y Narración de los Incas. Hernadéz Astete y Cerron Palomino (ed.) Lima: Fondo Editorial de la PUCP. Página: 459. -- La ficha léxica enlazada tiene como tema el topónimo 'Andahuaylillas', donde la explicación de 'Andahuaylas' forma parte del trabajo. "
"andes","Puquina ","/Anti/","Para {ande}, es decir la variante sonorizada de  <b>anti </b>, véase: Cerrón Palomino, R. (2013). Contiti: Divinidad suprema de origen lacustre. En Las lenguas de los incas (pp. 133 - 155). Frankfurt: PL Academic Research. Página 144. "
"Andesuyo","Puquina/Quechua. ","/Anti suyu/","Para {ande}, es decir la variante sonorizada de  <b>anti </b>, véase: Cerrón Palomino, R. (2013). Contiti: Divinidad suprema de origen lacustre. En Las lenguas de los incas (pp. 133 - 155). Frankfurt: PL Academic Research. Página 144. -- Para  <b>suyu </b> véase: Santo Tomas, D. [1560] Lexicon o vocabulario de la lengua general del Peru. Recuperado de: https://archive.org/details/lexiconovocabula00domi/page/n351/mode/2up"
"angaraes","Incierto","/Anqaray/","Probablemente relacionado a {hanccara} con el significado de 'aspero', aunque no podemos explicar la hache inicial, para la referencia véase: Bertonio, L. (2006 [1612]) Vocabulario de la lengua aymara. Perú: Ediciones El Lector. Página: 527. -- La interpretación fonética fue tomada de: Betanzos, Juan. (2018[1551]). Juan de Betanzos y el Tahuantinsuyo: Nueva edición de la Suma y Narración de los Incas. Hernadéz Astete y Cerron Palomino (ed.) Lima: Fondo Editorial de la PUCP. Página: 456"
"Angoyaco/Hangoyaco","Quechua/Quechua. ","/Hanku yaku/","Interpretamos este topónimo en base a  <b>hanku </b> con el significado de crudo y  <b>yaku </b> con el significado de agua. Al respecto véase: Anónimo (2014 [1586]) Arte y vocabulario en la lengua general del Perú. Edición interpretada y modernizada de Cerrón-Palomino, R., Araujo, R. B., & Palma, J. A. Lima: Pontificia Universidad Católica del Perú, Instituto Riva-Agüero. Página: 94 y 199."
"Anta","Quechua ","/Anta/","Véase: Anónimo (2014 [1586]) Arte y vocabulario en la lengua general del Perú. Edición interpretada y modernizada de Cerrón-Palomino, R., Araujo, R. B., & Palma, J. A. Lima: Pontificia Universidad Católica del Perú, Instituto Riva-Agüero. Página: 50."
"Antamarca","Quechua/Aimara","/Anta marka/","Para  <b>anta </b> véase: Anónimo (2014 [1586]) Arte y vocabulario en la lengua general del Perú. Edición interpretada y modernizada de Cerrón-Palomino, R., Araujo, R. B., & Palma, J. A. Lima: Pontificia Universidad Católica del Perú, Instituto Riva-Agüero. Página: 50. -- Para  <b>marka </b> véase: Bertonio, L. (2006 [1612]) Vocabulario de la lengua aymara. Perú: Ediciones El Lector. Página: 606."
"Añas","Incierto","/Añas/, /Añash/","Aunque en quechua tanto antiguamente como ahora exista la palabra  <b>añas </b>, su significado de 'zorrillo' nos lo hace poco plausible tratandose de un antropónimo. "
"Apo Gualpaya","Quechua/Incierto","/Apu Wallpaya/","Sobre  <b>apu </b> véase: Anónimo (2014 [1586]) Arte y vocabulario en la lengua general del Perú. Edición interpretada y modernizada de Cerrón-Palomino, R., Araujo, R. B., & Palma, J. A. Lima: Pontificia Universidad Católica del Perú, Instituto Riva-Agüero. Página: 52."
"Apo Ynga Randirimaric","Quechua/Puquina/Quechua/Quechua","/Apu Inqa Ranti Rimariq/","Sobre  <b>apu </b>,  <b>ranti </b> y  <b>rimariq </b> véase: Anónimo (2014 [1586]) Arte y vocabulario en la lengua general del Perú. Edición interpretada y modernizada de Cerrón-Palomino, R., Araujo, R. B., & Palma, J. A. Lima: Pontificia Universidad Católica del Perú, Instituto Riva-Agüero. Páginas: 52, 158 y 160. -- Respecto de  <b>inqa </b> véase: Cerrón Palomino, R. (2021) Los riesgos de una linguistica desmemoriada: A propósito de la etimología puquina de {inca}. En Lexis, Vol XLV (1) 2021, pp. 227 - 261."
"Apomayta","Quechua/Incierto","/Apu Mayta/","Sobre  <b>apu </b> véase: Anónimo (2014 [1586]) Arte y vocabulario en la lengua general del Perú. Edición interpretada y modernizada de Cerrón-Palomino, R., Araujo, R. B., & Palma, J. A. Lima: Pontificia Universidad Católica del Perú, Instituto Riva-Agüero. Página: 52. Respecto de {mayta{ no hay nada concreto, pero existe un pequeño esbozo en: Cerrón Palomino, R. (2013). El corpus garcilasiano de la lengua particular. En Las lenguas de los incas (pp. 83 - 111). Frankfurt: PL Academic Research. Páginas: 97 - 98."
"Aporima/Apurima","Quechua/Quechua","/Apu rimaq/","Para  <b>apu </b> y  <b>rimaq </b> con el significado conjunto de 'oráculo mayor', véase: Cerrón Palomino, R. (2000) Nota etimológica: El topónimo Lima. En Lexis 24 (1), pp. 151-162. "
"Arapa","Aimara, Quechua","/Arapa/"," <b>Arapa </b> es algo que tiene forma de celosía tanto en quechua como en aimara (Bertonio, 2006[1612], p. 452). -- Véase en aimara: Bertonio, L (2006[1612]) Vocabulario de la lengua aymara. Arequipa: Ediciones El Lector. -- En quechua: Anónimo (2014 [1586]) Arte y vocabulario en la lengua general del Perú. Edición interpretada y modernizada de Cerrón-Palomino, R., Araujo, R. B., & Palma, J. A. Lima: Pontificia Universidad Católica del Perú, Instituto Riva-Agüero. Página: 52"
"Arequipa/Ariquipa","Aimara/Quechua","/Ariqhipa/"," <b>Ari </b> aparece como 'agudo, afilado' en Bertonio (2006[1612], p. 453) que Cerrón Palomino interpreta como cumbre. No hemos hallado más ejemplos que corroboren esta interpretación por lo que debe tomarse de forma tentativa. Por otro lado, hemos hallado  <b>qhipa </b> solo en quechua. Por lo que probablemente estariamos ante un hibrido aimara-quechua, aunque la interpretación cumple con ser toponímicamente lógica, creemos que hace falta mayor evidencia. -- Bertonio, L (2006[1612]) Vocabulario de la lengua aymara. Arequipa: Ediciones El Lector. -- Cerron Palomino, R. (2004). Las etimologias toponìmicas del Inca Garcilazo. En Revista Andina, Nº 38, pp. 9 -  41. -- Sobre  <b>qhipa </b> véase: Anónimo (2014 [1586]) Arte y vocabulario en la lengua general del Perú. Edición interpretada y modernizada de Cerrón-Palomino, R., Araujo, R. B., & Palma, J. A. Lima: Pontificia Universidad Católica del Perú, Instituto Riva-Agüero. Página: 155."
"arpa","Quechua","/Arpa/","al qual sacrifiçio llaman ellos arpa', este significado puede ademas corroborarse en: Anónimo (2014 [1586]) Arte y vocabulario en la lengua general del Perú. Edición interpretada y modernizada de Cerrón-Palomino, R., Araujo, R. B., & Palma, J. A. Lima: Pontificia Universidad Católica del Perú, Instituto Riva-Agüero. Página: 52"
"Asángaro","Incierto","Incierto","n.d."
"Asarpai/Asarpay","Incierto","/Asarpawi/","No reconocemos su composición. La sección {asar} probablemente este relacionada a  <b>asaryay </b> que significa 'bromear' o 'molestar' en quechua huancavelicano actual. Hemos identificado el final {i} o {y} como rastro del sufijo aymara -wi. Al respecto véase: Cerrón Palomino, R. (2008) Voces del Ande. Ensayos sobre onomástica andina. Perú: Fondo editorial de la Pontificia Universidad Católica del Perú. Página: 27."
"Asillo","Incierto","/Asillu/","Probablemente deriva de  <b>Asiru </b> con el sufijo puquina -ro. En este punto, tenemos el vocablo {asiro} como 'culebra' (Bertonio, 2006 [1612], p.454) como mejor opcion. -- Véase: Bertonio, L (2006[1612]) Vocabulario de la lengua aymara. Arequipa: Ediciones El Lector."
"Atacama","Incierto","Incierto","n.d."
"Atagualpa/Atahualpa/Hatagualpa","Quechua/Quechua","/Ataw wallpa/","Consideramos como más plausible la interpretación hecha por Cesar Itier (Comunicación personal, 2020) desde el material ofrecido por González Holguín de 'armamento de dicha en la guerra' donde la interpretación de la parte {huallpa} como 'pertrecho' ayuda a comprender mejor los ejemplos que pone González Holguín en su diccionario. Al respecto véase: Gonzalez Holguín, D. (1989[1608]) Vocabulario de la lengva general de todo el Perv llamada lengua qquichua o del inca. Lima: Universidad Nacional Mayor de San Marcos. Página: 36. "
"Atao Ynga Yupangue/Atau Yupangue","Quechua/Puquina/Puquina","/Ataw Inqa Yupanki/","Para  <b>ataw </b> véase:  Gonzalez Holguín, D. (1989[1608]) Vocabulario de la lengva general de todo el Perv llamada lengua qquichua o del inca. Lima: Universidad Nacional Mayor de San Marcos. Página: 36. -- Para  <b>inqa </b> véase: Cerrón Palomino, R. (2021) Los riesgos de una linguistica desmemoriada: A propósito de la etimología puquina de {inca}. En Lexis, Vol XLV (1) 2021, pp. 227 - 261. -- Para  <b>yupanki </b> véase: Cerrón Palomino, R. (2013). Capac e Iqui: nombres puquinas de rango señorial. En Las lenguas de los incas (pp. 113 - 132). Frankfurt: PL Academic Research. "
"Ataurimache","Quechua/Quechua","/Ataw rimachi/","Para  <b>ataw </b> véase:  Gonzalez Holguín, D. (1989[1608]) Vocabulario de la lengva general de todo el Perv llamada lengua qquichua o del inca. Lima: Universidad Nacional Mayor de San Marcos. Página: 36. -- Para  <b>rimachi </b> véase: Anónimo (2014 [1586]) Arte y vocabulario en la lengua general del Perú. Edición interpretada y modernizada de Cerrón-Palomino, R., Araujo, R. B., & Palma, J. A. Lima: Pontificia Universidad Católica del Perú, Instituto Riva-Agüero. Página: 160."
"Atecayque/Atecaique","Incierto/Puquina","/Atiqa iki/","La reconstrucción fonética es solo tentativa. Creemos reconocer en {yque} la palabra  <b>iki </b> asignable al puquina para 'señor', al respecto véase: Cerrón Palomino, R. (2013). Capac e Iqui: nombres puquinas de rango señorial. En Las lenguas de los incas (pp. 113 - 132). Frankfurt: PL Academic Research."
"Atoc","Quechua ","/Atuq/","Interpretamos este nombre en base a  <b>atuq </b> como zorro. Véase: Anónimo (2014 [1586]) Arte y vocabulario en la lengua general del Perú. Edición interpretada y modernizada de Cerrón-Palomino, R., Araujo, R. B., & Palma, J. A. Lima: Pontificia Universidad Católica del Perú, Instituto Riva-Agüero. Página: 54."
"Atocayqui","Incierto/Puquina","Incierto","La reconstrucción fonética es solo tentativa. Creemos reconocer en {yqui} la palabra 'iki' asignable al puquina, al respecto véase: Cerron Palomino, R. (2013). Capac e Iqui: nombres puquinas de rango señorial. En Las lenguas de los incas (pp. 113 - 132). Frankfurt: PL Academic Research."
"Atuncolla/Hatuncolla","Quechua/Quechua:  ","/Hatun Qulla/","Para  <b>hatun </b> véase: Anónimo (2014 [1586]) Arte y vocabulario en la lengua general del Perú. Edición interpretada y modernizada de Cerrón-Palomino, R., Araujo, R. B., & Palma, J. A. Lima: Pontificia Universidad Católica del Perú, Instituto Riva-Agüero. Página: 96. -- Para  <b>Qulla </b> véase: Gonzalez Holguín, D. (1989[1608]) Vocabulario de la lengva general de todo el Perv llamada lengua qquichua o del inca. Lima: Universidad Nacional Mayor de San Marcos. Página: 66."
"Auca/aucaes","Quechua","/Awqa/","que hera Auca, que dize enemigo' (Betanzos,  2018, [1551], p. 341). -- Betanzos, J. (2018, [1551]). Juan de Betanzos y el Tahuantinsuyo: Nueva edición de la Suma y Narraciones de los Incas. Hernandez Astete, F. y Cerrón Palomino, R. (edit.) Lima: Fondo Editorial PUCP"
"Aullagas","Incierto","Incierto","Solo hemos hallado {aulla}  como 'grande' (Bertonio, 2006[1612], p. 455). No tenemos información sobre el final {ga}. -- Véase: Bertonio, L (2006[1612]) Vocabulario de la lengua aymara. Arequipa: Ediciones El Lector. -- Cerron Palomino, R. (2004). Las etimologias toponìmicas del Inca Garcilazo. En Revista Andina, Nº 38, pp. 9 -  41."
"auqui","Quechua","/Awki/","Auqui, que dize cavallero' (Betanzos, 2018, [1551], p. 180). -- Betanzos, J. (2018, [1551]). Juan de Betanzos y el Tahuantinsuyo: Nueva edición de la Suma y Narraciones de los Incas. Hernandez Astete, F. y Cerrón Palomino, R. (edit.) Lima: Fondo Editorial PUCP"
"Ayarauca","Puquina/Puquina","/Ayar hawka/","Véase: Cerrón Palomino, R. (2013). El corpus garcilasiano de la lengua particular. En Las lenguas de los incas (pp. 83 - 111). Frankfurt: PL Academic Research."
"Ayarcache","Puquina/Puquina","/Ayar kachi/","Véase: Cerrón Palomino, R. (2013). El corpus garcilasiano de la lengua particular. En Las lenguas de los incas (pp. 83 - 111). Frankfurt: PL Academic Research."
"ayarmacas","Puquina/Incierto","Incierto","Para la parte {ayar} véase: Cerrón Palomino, R. (2013). El corpus garcilasiano de la lengua particular. En Las lenguas de los incas (pp. 83 - 111). Frankfurt: PL Academic Research."
"Ayarmango","Puquina/Puquina","/Ayar manqu/","Véase: Cerrón Palomino, R. (2013). El corpus garcilasiano de la lengua particular. En Las lenguas de los incas (pp. 83 - 111). Frankfurt: PL Academic Research."
"Ayaroche","Puquina/Puquina","/Ayar uchi/","Véase: Cerrón Palomino, R. (2013). El corpus garcilasiano de la lengua particular. En Las lenguas de los incas (pp. 83 - 111). Frankfurt: PL Academic Research."
"Ayavire","Incierto","Incierto","n.d."
"aymaraes","Aimara","/Aymaray/","Nombre probablemente derivado de /aymarawi/ (Cerrón, 2008, p. 27). -- Véase: Cerrón Palomino, R. (2008) Voces del Ande. Ensayos sobre onomástica andina. Perú: Fondo editorial de la Pontificia Universidad Católica del Perú."
"ayriguaquis","Incierto/puquina","/Ayriwa khis/","En el artículo solo aparece explicación para {quis} como palabra para 'mes' en el pie de página número 29, página 70, véase en: Cerrón Palomino, R. (2013). La lengua particular de los incas. En Las lenguas de los incas (pp. 53 - 82). Frankfurt: PL Academic Research"
"bicuñas","Quechua ","/Wikuña/","Véase: Anónimo (2014 [1586]) Arte y vocabulario en la lengua general del Perú. Edición interpretada y modernizada de Cerrón-Palomino, R., Araujo, R. B., & Palma, J. A. Lima: Pontificia Universidad Católica del Perú, Instituto Riva-Agüero. Página: 177."
"Bilaoma/Vilaoma","Incierto","/Wila Uma/","Cieza de León tambien consigna 'Vila Oma' . Vease: GLOSAS CRONIQUENSES (1994-), Pedro de Cieza de León. https://glosascroniquenses.github.io/Glosario/intro/cronista05. [Fecha de consulta: 22.05.2022]. -- Para la interpretación fonética véase: Betanzos, Juan. (2018 [1551]). Juan de Betanzos y el Tahuantinsuyo: Nueva edición de la Suma y Narración de los Incas. Hernadéz Astete y Cerron Palomino (ed.) Lima: Fondo Editorial de la PUCP. Página: 453."
"Bilcas/Vilcas","Quechua/Quechua","/Willka-sh/","Para la interpretación fonética véase: Betanzos, Juan. (2018 [1551]). Juan de Betanzos y el Tahuantinsuyo: Nueva edición de la Suma y Narración de los Incas. Hernadéz Astete y Cerron Palomino (ed.) Lima: Fondo Editorial de la PUCP. Página: 463."
"Bonbón","Incierto","/punpun/","Para la interpretación fonética véase: Betanzos, Juan. (2018 [1551]). Juan de Betanzos y el Tahuantinsuyo: Nueva edición de la Suma y Narración de los Incas. Hernadéz Astete y Cerron Palomino (ed.) Lima: Fondo Editorial de la PUCP. Página: 457."
"bulto/bultos","Castellano","n.d.","n.d."
"cabuya","Taíno","Incierto","Véase: Corominas, J. (1983). Breve diccionario etimológico de la lengua castellana. Madrid: Editorial Gredos. Página: 114"
"Caccha","Incierto","/K'akcha/","Interpretación fonética basada en: Betanzos, Juan. (2018[1551]). Juan de Betanzos y el Tahuantinsuyo: Nueva edición de la Suma y Narración de los Incas. Hernadéz Astete y Cerron Palomino (ed.) Lima: Fondo Editorial de la PUCP. Páginas 451. "
"Caccha Ynga","Incierto/Puquina","/K'akcha inqa/","Interpretación fonética de 'caccha' basada en: Betanzos, Juan. (2018[1551]). Juan de Betanzos y el Tahuantinsuyo: Nueva edición de la Suma y Narración de los Incas. Hernadéz Astete y Cerron Palomino (ed.) Lima: Fondo Editorial de la PUCP. Páginas 451. -- Como información adicional, hemos tenido acceso a la pronuncación de 'caccha' como /q'aqcha/ en boca de un informante que lleva estos vocablos como apellido compuesto, todo el vocablo lo pronuncia /q'aqcha inka/, nos hace falta una mayor cantidad de informantes para corroborar esto. -- Respecto de <italic>inqa</italic> véase: Cerrón Palomino, R. (2021) Los riesgos de una linguistica desmemoriada: A propósito de la etimología puquina de 'inca'. En Lexis, Vol XLV (1) 2021, pp. 227 - 261."
"Cacha","Incierto","Incierto","Aunque <italic>kacha</italic> está registrado como 'mensajero', es poco plausible como topónimo. Véase: Anónimo (2014 [1586]) Arte y vocabulario en la lengua general del Perú. Edición interpretada y modernizada de Cerrón-Palomino, R., Araujo, R. B., & Palma, J. A. Lima: Pontificia Universidad Católica del Perú, Instituto Riva-Agüero. Página: 56. -- En el caso del pasaje ubicado en la página 202, entendemos que no es el topónimo sino que se trata de una variante del nombre del ídolo 'caccha', la interpretación fonética está basada en: Betanzos, Juan. (2018[1551]). Juan de Betanzos y el Tahuantinsuyo: Nueva edición de la Suma y Narración de los Incas. Hernadéz Astete y Cerron Palomino (ed.) Lima: Fondo Editorial de la PUCP. Páginas 451. "
"Cachabanba","Incierto/Quechua","Incierto","Para la asignación quechua de <italic>panpa</italic> véase: Anónimo (2014 [1586]) Arte y vocabulario en la lengua general del Perú. Edición interpretada y modernizada de Cerrón-Palomino, R., Araujo, R. B., & Palma, J. A. Lima: Pontificia Universidad Católica del Perú, Instituto Riva-Agüero. Página: 143."
"caçiques/caçique","Taino","Incierto","Véase: Corominas, J. (1983). Breve diccionario etimológico de la lengua castellana. Madrid: Editorial Gredos. Página: 115"
"caguaquis","Incierto/Puquina","Incierto","Sobre el vocablo 'quis' que significa 'mes' y tiene su correlación en los textos de Ore con la palabra puquina <italic>hisi</italic> (Cerron, 2013, p.70) véase: Cerrón Palomino, R. (2013). La lengua particular de los Incas. En Las lenguas de los incas (pp. 53 - 82). Frankfurt: PL Academic Research."
"Caimaspi","Incierto","Incierto","n.d."
"Calca","Aimara","/Kallka/","Interpretación fonética basada en: Betanzos, Juan. (2018[1551]). Juan de Betanzos y el Tahuantinsuyo: Nueva edición de la Suma y Narración de los Incas. Hernadéz Astete y Cerron Palomino (ed.) Lima: Fondo Editorial de la PUCP. Páginas 458. -- Véase además: Bertonio, L. (2006[1612]) Vocabulario de la lengua aymara. Perú: Ediciones El Lector. Página 460."
"Calizpuquio","Quechua/Quechua","/Tallispukyu/","Interpretación basada en: Betanzos, Juan. (2018[1551]). Juan de Betanzos y el Tahuantinsuyo: Nueva edición de la Suma y Narración de los Incas. Hernadéz Astete y Cerron Palomino (ed.) Lima: Fondo Editorial de la PUCP. Páginas 454 y 458."
"Callavaya","Incierto/Puquina","Incierto","Donde probablemente deba interpretarse 'vaya' como 'phaya'. Para la asignación puquina de  <italic>phaya</italic> y mayor información, véase: Cerrón-Palomino, Rodolfo (2020) La presencia puquina en el Formativo Tardío en el valle del Cuzco. En VEGA-CENTENO, Rafael y Jalh DULANTO (editores). Los desafíos del tiempo, el espacio y la memoria: ensayos en homenaje a Peter Kaulicke. Lima: Pontificia Universidad Católica del Perú, Fondo Editorial, pp. 69-87"
"Camaque Yupangue","Quechua/Puquina","/Kamaqi Yupanki/","Identificamos <italic>kamaqi</italic>  como  vocablo relacionado a <italic>kamaq</italic> , aunque no podemos explicar la vocal final, se debe probablemente a una pronunciación aimarizada. De lo contrario, esperariamos <italic>kamaqin</italic>  o <italic>kamaqiy</italic>  para explicar la <e> final. Para su identificación quechua véase: Anónimo (2014 [1586]) Arte y vocabulario en la lengua general del Perú. Edición interpretada y modernizada de Cerrón-Palomino, R., Araujo, R. B., & Palma, J. A. Lima: Pontificia Universidad Católica del Perú, Instituto Riva-Agüero. Página: 58. -- Para <italic>yupanki</italic> como puquina véase: Cerron Palomino, R. (2013). Capac e Iqui: nombres puquinas de rango señorial. En Las lenguas de los incas (pp. 113 - 132). Frankfurt: PL Academic Research. "
"camino/caminos/camino real","Castellano","n.d.","n.d."
"canas","Incierto","/Qanas/","Para la interpretación fonética véase: Cerron Palomino, R. (2013). Capac e Iqui: nombres puquinas de rango señorial. En Las lenguas de los incas (pp. 113 - 132). Frankfurt: PL Academic Research. Página: 124."
"canches","Incierto/Español","/Qanchi/","Para la interpretación fonética véase: Betanzos, Juan. (2018[1551]). Juan de Betanzos y el Tahuantinsuyo: Nueva edición de la Suma y Narración de los Incas. Hernadéz Astete y Cerron Palomino (ed.) Lima: Fondo Editorial de la PUCP. Página 456. -- En apoyo a esta interpretación fonética tenemos la transcripción hecha por Zoila Mendoza donde se lee 'qanchi machu' (Mendoza, 2021, p. 80) para el ancestro del pueblo de Pomacanchi, véase: Mendoza, Z. (2021) Qoyllur Rit'i. Crónica de una peregrinación cusqueña. Lima: La Siniestra Ensayos. -- En nuestra interpretación, el nombre está compuesto por el nombre del grupo étnico 'qanchi' y el plural español. "
"cantaraiquis","Incierto/Puquina","Incierto","Sobre el vocablo 'quis' que significa 'mes' y tiene su correlación en los textos de Ore con la palabra puquina <italic>hisi</italic> (Cerron, 2013, p.70) véase: Cerrón Palomino, R. (2013). La lengua particular de los Incas. En Las lenguas de los incas (pp. 53 - 82). Frankfurt: PL Academic Research."
"cañares/cañare/cañari","Incierto","/Kañari/","Para la interpretación fonética véase: Betanzos, Juan. (2018[1551]). Juan de Betanzos y el Tahuantinsuyo: Nueva edición de la Suma y Narración de los Incas. Hernadéz Astete y Cerron Palomino (ed.) Lima: Fondo Editorial de la PUCP. Página 456."
"Cañarpanpa","Incierto/quechua","/Kañar panpa/","Sobre la interpretación fonética de 'cañar' Sobre <italic>panpa</italic> véase: Anónimo (2014 [1586]) Arte y vocabulario en la lengua general del Perú. Edición interpretada y modernizada de Cerrón-Palomino, R., Araujo, R. B., & Palma, J. A. Lima: Pontificia Universidad Católica del Perú, Instituto Riva-Agüero. Página: 143. -- Aunque en el listado final de vocablos de la edición de Cerrón Palomino se consigne 'Cañaripanpa' (p. 458) , según hemos podido corroborar en el manuscrito, Betanzos escribe 'Cañarpanpa' tal como se ha traducido en la página 241. "
"capa","Puquina","/Qhapaq/","Error de interpretación de Betanzos por 'capac', es decir, <italic>qhapaq</italic>. Véase: Cerron Palomino, R. (2013). Capac e Iqui: nombres puquinas de rango señorial. En Las lenguas de los incas (pp. 113 - 132). Frankfurt: PL Academic Research. "
"capac","Puquina","/Qhapaq/","Véase: Cerron Palomino, R. (2013). Capac e Iqui: nombres puquinas de rango señorial. En Las lenguas de los incas (pp. 113 - 132). Frankfurt: PL Academic Research. "
"Capac Aillo","Puquina/Quechua. ","/Qhapaq ayllu/","Para <italic>qhapaq</italic> véase: Cerron Palomino, R. (2013). Capac e Iqui: nombres puquinas de rango señorial. En Las lenguas de los incas (pp. 113 - 132). Frankfurt: PL Academic Research. -- Para <italic>ayllu</italic> véase: Anónimo (2014 [1586]) Arte y vocabulario en la lengua general del Perú. Edición interpretada y modernizada de Cerrón-Palomino, R., Araujo, R. B., & Palma, J. A. Lima: Pontificia Universidad Católica del Perú, Instituto Riva-Agüero. Página: 54"
"Capac Ynga/Çapa Ynga","Puquina/Quechua","/Qhapaq Inqa/  /Sap'a inqa/","Para <italic>qhapaq</italic> véase: Cerron Palomino, R. (2013). Capac e Iqui: nombres puquinas de rango señorial. En Las lenguas de los incas (pp. 113 - 132). Frankfurt: PL Academic Research. -- Respecto de <italic>inqa</italic> véase: Cerrón Palomino, R. (2021) Los riesgos de una linguistica desmemoriada: A propósito de la etimología puquina de 'inca'. En Lexis, Vol XLV (1) 2021, pp. 227 - 261. Para <italic>sap'a</italic> véase: Cerrón-Palomino, R. (2016). El lenguaje como hermenéutica en la comprensión del pasado: a propósito del puquina en la génesis del imperio incaico. Diálogo andino, (49), 11-27. -- Para <italic>inqa</italic> véase: Cerrón Palomino, R. (2021) Los riesgos de una linguistica desmemoriada: A propósito de la etimología puquina de 'inca'. En Lexis, Vol XLV (1) 2021, pp. 227 - 261."
"Capac Yupangue/Capa Yupangue","Puquina/Puquina","/Qhapaq Yupanki/","Para <italic>qhapaq</italic> véase: Cerron Palomino, R. (2013). Capac e Iqui: nombres puquinas de rango señorial. En Las lenguas de los incas (pp. 113 - 132). Frankfurt: PL Academic Research. -- Para <italic>yupanki</italic> véase: Cerron Palomino, R. (2013). Capac e Iqui: nombres puquinas de rango señorial. En Las lenguas de los incas (pp. 113 - 132). Frankfurt: PL Academic Research. "
"CAPACCUNA/Capac Cuna","Puquina/Quechua","Qhapaqkuna","Para <italic>qhapaq</italic> véase: Cerron Palomino, R. (2013). Capac e Iqui: nombres puquinas de rango señorial. En Las lenguas de los incas (pp. 113 - 132). Frankfurt: PL Academic Research. -- Identificamos 'cuna' como el sufijo <italic>-kuna</italic>  de pluralidad en quechua, al respecto véase: Anónimo (2014 [1586]) Arte y vocabulario en la lengua general del Perú. Edición interpretada y modernizada de Cerrón-Palomino, R., Araujo, R. B., & Palma, J. A. Lima: Pontificia Universidad Católica del Perú, Instituto Riva-Agüero. Página: 72"
"Capacocha","Puquina/Puquina","/Qhapaq Ucha/","que dize sacrifiçio solemne'. Para la interpretación fonética véase: Betanzos, J. de. (2015) [1551]. Juan de Betanzos y el Tahuantinsuyo: nueva edición de la Suma y narración de los Incas. Francisco Hernández Astete y Rodolfo Cerron Palomino (editores). Lima: Fondo Editorial, Pontificia Universidad Católica del Perú. PP. 451. -- Respecto de <italic>qhapaq</italic> véase: Cerron Palomino, R. (2013). Capac e Iqui: nombres puquinas de rango señorial. En Las lenguas de los incas (pp. 113 - 132). Frankfurt: PL Academic Research."
"Capaguaina","Puquina/Quechua","/Qhapaq wayna/","Para <italic>qhapaq</italic> véase: Cerron Palomino, R. (2013). Capac e Iqui: nombres puquinas de rango señorial. En Las lenguas de los incas (pp. 113 - 132). Frankfurt: PL Academic Research. -- Para <italic>wayna</italic> véase: Anónimo (2014 [1586]) Arte y vocabulario en la lengua general del Perú. Edición interpretada y modernizada de Cerrón-Palomino, R., Araujo, R. B., & Palma, J. A. Lima: Pontificia Universidad Católica del Perú, Instituto Riva-Agüero. Página: 110."
"Capi","Quechua","/Saphi/","Para la interpretación fonética véase: Betanzos, J. de. (2015) [1551]. Juan de Betanzos y el Tahuantinsuyo: nueva edición de la Suma y narración de los Incas. Francisco Hernández Astete y Rodolfo Cerron Palomino (editores). Lima: Fondo Editorial, Pontificia Universidad Católica del Perú. PP. 458. -- Para la asignación de lengua véase: Anónimo (2014 [1586]) Arte y vocabulario en la lengua general del Perú. Edición interpretada y modernizada de Cerrón-Palomino, R., Araujo, R. B., & Palma, J. A. Lima: Pontificia Universidad Católica del Perú, Instituto Riva-Agüero. Página: 77."
"capitán/capitanes","Castellano","n.d.","n.d."
"capitanía/capitanías","Castellano","n.d.","n.d."
"Caquea Xaquexaguana/Xaquixaguana/Xaquixahuana","Incierto/Incierto/Puquina","/K'akyaq Shaqshawana/","Para la interpretación fonética véase: Betanzos, Juan. (2018[1551]). Juan de Betanzos y el Tahuantinsuyo: Nueva edición de la Suma y Narración de los Incas. Hernadéz Astete y Cerron Palomino (ed.) Lima: Fondo Editorial de la PUCP. Página 458. -- Debe distinguirse 'Caquea Xaquexaguana' de 'Xaquixaguana', la pampa donde ocurrió la victoria de La Gasca. Para más información sobre este topónimo véase: Cerrón Palomino, R. (2010) La grafía 'x' en la toponimia andina (siglos XVI-XVII): ejemplos representativos. En Revista Andina, No. 50, pp. 83-113."
"Carangas","Incierto","Incierto","n.d."
"Carangue","Cara","Incierto","Para la identificación de lengua véase: Adelaar, W. y Muysken, P. (2004) The languages of the andes. Nueva York: Universidad de Cambridge. Página: 394."
"Carmenga","Quechua","/Qharminqa/","Para mas información de este vocablo véase: Cerron Palomino, R. (2013). Corpus Garcilasiano de la lengua particular. En Las lenguas de los incas (pp. 83 - 111). Frankfurt: PL Academic Research. Página: 105."
"carpaiquis","Quechua/Puquina","/Qarpay khis/","Para la interpretación fonética véase: Betanzos, Juan. (2018[1551]). Juan de Betanzos y el Tahuantinsuyo: Nueva edición de la Suma y Narración de los Incas. Hernadéz Astete y Cerron Palomino (ed.) Lima: Fondo Editorial de la PUCP. Página 458. -- Para la asignación quechua de <italic>qarpay</italic> véase: Anónimo (2014 [1586]) Arte y vocabulario en la lengua general del Perú. Edición interpretada y modernizada de Cerrón-Palomino, R., Araujo, R. B., & Palma, J. A. Lima: Pontificia Universidad Católica del Perú, Instituto Riva-Agüero. Página: 61. -- Para el vocablo 'quis' véase: Cerron Palomino, R. (2013). La lengua particular. En Las lenguas de los incas (pp. 53 - 82). Frankfurt: PL Academic Research. "
"casa del sol/casas del sol","Castellano","n.d.","n.d."
"Caxamalca","Quechua/Aimara","/Kasha marka/","Para más información sobre este topónimo véase: Cerron Palomino, R. (2004). Las etimologias toponimicas del inca Garcilaso. En Revista Andina, Nº 38, pp. 9 - 41."
"Caxana","Incierto","Incierto","Para la interpretación fonética de 'X' véase: Cerrón Palomino, R. (2010) La grafía 'x' en la toponimia andina (siglos XVI-XVII): ejemplos representativos. En Revista Andina, No. 50, pp. 83-113. -- Asumiendo que el diseño llamado 'caxana' sea el mismo vocablo con el que se nombró a la casa de Huayna Capac, podriamos tener un acercamiento a su pronunciación basandonos en Holguín quien transcribe 'kassana uncu' (Holguín, 1608, primera parte, p.130), para más detalle véase: Holguín, Gonzales (1608). Vocabvlario de la lengva general de todo el Perv llamada lengua Qquichua o del Inca. Versión digitalizada por la Biblioteca Nacional de Chile, ubicable en: http://www.memoriachilena.gob.cl/602/w3-article-9530.html."
"Caxaroma","Incierto/Incierto","/Kashar uma/","Interpretación fonética basada en: Betanzos, Juan. (2018[1551]). Juan de Betanzos y el Tahuantinsuyo: Nueva edición de la Suma y Narración de los Incas. Hernadéz Astete y Cerron Palomino (ed.) Lima: Fondo Editorial de la PUCP. Página 458."
"Caxas","Quechua","/Kashash/","Interpretamos este topónimo como <italic>kasha</italic> 'espina' y a '-sh' como sufjo atributivo. Para <italic>kasha</italic> como espina véase: Quesada, F. (1976) Diccionario quechua, Cajamarca - Cañaris. Lima: Ministerio de Educación. Página: 47. -- Para el sufijo atributivo '-sh' véase: Cerrón Palomino, R. (2008) Voces del ande. Ensayos de onomástica andina. Lima: Fondo editorial de la PUCP. Página: 209."
"Caxavindo","Quechua/Incierto","/Q'asha wintu/","Para la interpretación fonética véase: Betanzos, Juan. (2018[1551]). Juan de Betanzos y el Tahuantinsuyo: Nueva edición de la Suma y Narración de los Incas. Hernadéz Astete y Cerron Palomino (ed.) Lima: Fondo Editorial de la PUCP. Página: 458. -- Para la asignación quechua de <italic>q'asha</italic> véase: Anónimo (2014 [1586]) Arte y vocabulario en la lengua general del Perú. Edición interpretada y modernizada de Cerrón-Palomino, R., Araujo, R. B., & Palma, J. A. Lima: Pontificia Universidad Católica del Perú, Instituto Riva-Agüero. Página: 62."
"Cayanbes","Cara","Incierto","Para la identificación de lengua véase: Adelaar, W. y Muysken, P. (2004) The languages of the andes. Nueva York: Universidad de Cambridge. Página: 394."
"Cayaucache","Aymara/Puquina","/Q'ayaw kachi/","Véase: Cerrón Palomino, R. (2008) Voces del ande. Ensayos de onomástica andina. Lima: Fondo editorial de la PUCP. Página: 255"
"Chachapoyas","Incierto","Incierto","n.d."
"chacnac","Quechua","/Chaqnaq/","El 'tormento' que aparece en la cronica debe entenderse como consecuencia de 'amarre', sin embargo es desconcertante que aparezca en modo agentivo. Al respecto véase: Betanzos, Juan. (2018[1551]). Juan de Betanzos y el Tahuantinsuyo: Nueva edición de la Suma y Narración de los Incas. Hernadéz Astete y Cerron Palomino (ed.) Lima: Fondo Editorial de la PUCP. Página 452. -- Anónimo (2014 [1586]) Arte y vocabulario en la lengua general del Perú. Edición interpretada y modernizada de Cerrón-Palomino, R., Araujo, R. B., & Palma, J. A. Lima: Pontificia Universidad Católica del Perú, Instituto Riva-Agüero. P. 80."
"Chalcochima","Incierto","/Challqu chima/","Para la interpretación fonética véase: Betanzos, Juan. (2018[1551]). Juan de Betanzos y el Tahuantinsuyo: Nueva edición de la Suma y Narración de los Incas. Hernadéz Astete y Cerron Palomino (ed.) Lima: Fondo Editorial de la PUCP. Página 446."
"chanbi","Quechua","/chanpi/","Véase: Anónimo (2014 [1586]) Arte y vocabulario en la lengua general del Perú. Edición interpretada y modernizada de Cerrón-Palomino, R., Araujo, R. B., & Palma, J. A. Lima: Pontificia Universidad Católica del Perú, Instituto Riva-Agüero. P. 81."
"Chancha","Incierto","/Chancha/","Aunque el vocablo existe, no hemos podido hallar ni en quechua ni en aimara un significado coherente. "
"changa/changas","Incierto","/Chanka/","Para la interpretación fonética véase: Betanzos, Juan. (2018[1551]). Juan de Betanzos y el Tahuantinsuyo: Nueva edición de la Suma y Narración de los Incas. Hernadéz Astete y Cerron Palomino (ed.) Lima: Fondo Editorial de la PUCP. Página 456"
"Chaquipanpa","Quechua/Quechua","/Chaki panpa/","Para <italic>chaki</italic> véase: Anónimo (2014 [1586]) Arte y vocabulario en la lengua general del Perú. Edición interpretada y modernizada de Cerrón-Palomino, R., Araujo, R. B., & Palma, J. A. Lima: Pontificia Universidad Católica del Perú, Instituto Riva-Agüero. P. 82. -- Para <italic>panpa</italic> véase: Anónimo (2014 [1586]) Arte y vocabulario en la lengua general del Perú. Edición interpretada y modernizada de Cerrón-Palomino, R., Araujo, R. B., & Palma, J. A. Lima: Pontificia Universidad Católica del Perú, Instituto Riva-Agüero. P. 143."
"chaquira/chaquiras","Incierto","Incierto","No hemos hallado información, sin embargo puede verse: Betanzos, Juan. (2018[1551]). Juan de Betanzos y el Tahuantinsuyo: Nueva edición de la Suma y Narración de los Incas. Hernadéz Astete y Cerron Palomino (ed.) Lima: Fondo Editorial de la PUCP. Página: 454."
"Charcas","Incierto","/Charkhash/","Para la interpretación fonológica véase: Betanzos, Juan. (2018[1551]). Juan de Betanzos y el Tahuantinsuyo: Nueva edición de la Suma y Narración de los Incas. Hernadéz Astete y Cerron Palomino (ed.) Lima: Fondo Editorial de la PUCP. Página 459"
"chayachaya","Quechua","/Chay a chay a/","Véase: Anónimo (2014 [1586]) Arte y vocabulario en la lengua general del Perú. Edición interpretada y modernizada de Cerrón-Palomino, R., Araujo, R. B., & Palma, J. A. Lima: Pontificia Universidad Católica del Perú, Instituto Riva-Agüero. P. 83. -- Betanzos, Juan. (2018[1551]). Juan de Betanzos y el Tahuantinsuyo: Nueva edición de la Suma y Narración de los Incas. Hernadéz Astete y Cerron Palomino (ed.) Lima: Fondo Editorial de la PUCP. Página 438"
"checas","Incierto","Incierto","n.d."
"chicha","Incierto","Incierto","Para un acercamiento al debate respecto de lengua de origen de este vocablo véase: Portilla, M. (2014) Etimologías del español americano. En Revista de Filologia y Lingüistica de la Universidad de Costa Rica, Vol. 40 - Número especial, pp. 35 -  55."
"chichas","Incierto","/Chichash/","Dado que se trata de un topónimo, creemos que la 's' del final corresponde al sufijo -sh caracterizador propio del quechua."
"Chile","Incierto","/Chilli/","Véase: Anónimo (2014 [1586]) Arte y vocabulario en la lengua general del Perú. Edición interpretada y modernizada de Cerrón-Palomino, R., Araujo, R. B., & Palma, J. A. Lima: Pontificia Universidad Católica del Perú, Instituto Riva-Agüero. P. 86"
"chilquis","Incierto","Incierto","n.d."
"Chima","Puquina","/Chima/","Cerron Palomino, R. (2013). Véase: Corpus Garcilasiano de la lengua particular. En Las lenguas de los incas (pp. 83 - 111). Frankfurt: PL Academic Research. P. 93."
"Chinbo Sancto","Incierto","Incierto","n.d."
"Chinchasuyo","Incierto/quechua","/Chincha shuyu/","Para el vocablo <italic>suyu</italic> véase: Santo Tomas, D. [1560] Lexicon o vocabulario de la lengua general del Peru. Recuperado de: https://archive.org/details/lexiconovocabula00domi/page/n351/mode/2up"
"Chinchero","Incierto/Puquina","Incierto","Para más información del sufijo puquina 'ro' véase: Cerrón-Palomino, Rodolfo (2020) 'La presencia puquina en el Formativo Tardío en el valle del Cuzco'. En VEGA-CENTENO, Rafael y Jalh DULANTO (editores). Los desafíos del tiempo, el espacio y la memoria: ensayos en homenaje a Peter Kaulicke. Lima: Pontificia Universidad Católica del Perú, Fondo Editorial, pp. 69-87"
"Chiquicache","Incierto/Puquina","/Chiki kachi/","Sobre la procedencia puquina de 'cache' véase: Cerrón-Palomino, Rodolfo (2020) 'La presencia puquina en el Formativo Tardío en el valle del Cuzco'. En VEGA-CENTENO, Rafael y Jalh DULANTO (editores). Los desafíos del tiempo, el espacio y la memoria: ensayos en homenaje a Peter Kaulicke. Lima: Pontificia Universidad Católica del Perú, Fondo Editorial, pp. 69-87. -- Para la interpretación fonética véase: Betanzos, Juan. (2018[1551]). Juan de Betanzos y el Tahuantinsuyo: Nueva edición de la Suma y Narración de los Incas. Hernadéz Astete y Cerron Palomino (ed.) Lima: Fondo Editorial de la PUCP. Página 459"
"chiriguanaes","Incierto/Incierto","/Chiri wanay/","Para la interpretación fonética véase: Betanzos, Juan. (2018[1551]). Juan de Betanzos y el Tahuantinsuyo: Nueva edición de la Suma y Narración de los Incas. Hernadéz Astete y Cerron Palomino (ed.) Lima: Fondo Editorial de la PUCP. Página 456"
"chochos","Incierto","Incierto","En diccionarios tempranos de quechua y aimara a los que hemos tenido acceso no hemos podido hallar este vocablo con un significado asignable. Probablemente se trate de un nombre proveniente de otra lengüa"
"chori","Quechua","/Churi/","Véase: Anónimo (2014 [1586]) Arte y vocabulario en la lengua general del Perú. Edición interpretada y modernizada de Cerrón-Palomino, R., Araujo, R. B., & Palma, J. A. Lima: Pontificia Universidad Católica del Perú, Instituto Riva-Agüero. P. 91."
"chuco","Quechua","/Chuku/","Véase: Anónimo (2014 [1586]) Arte y vocabulario en la lengua general del Perú. Edición interpretada y modernizada de Cerrón-Palomino, R., Araujo, R. B., & Palma, J. A. Lima: Pontificia Universidad Católica del Perú, Instituto Riva-Agüero. P. 89."
"Chucuito","Puquina/Aimara.","/Chuqi wit'u/","Para la interpretación fonética véase: Betanzos, Juan. (2018[1551]). Juan de Betanzos y el Tahuantinsuyo: Nueva edición de la Suma y Narración de los Incas. Hernadéz Astete y Cerron Palomino (ed.) Lima: Fondo Editorial de la PUCP. Página 459. -- Para <italic>chuqi</italic> véase: Fossa, L. (2018) Bajo el cielo de Chuqikirau. Lima: Editorial Horizonte. Página 229 - 230. -- Para <italic>wit'u</italic> véase: Bertonio, L. (2006 [1612]) Vocabulario de la lengua aymara. Perú: Ediciones El Lector. Página: 744."
"Chui Yupangue","Incierto/puquina","/Ch'uy Yupanki/","Para la interpretación fonética véase: Betanzos, Juan. (2018[1551]). Juan de Betanzos y el Tahuantinsuyo: Nueva edición de la Suma y Narración de los Incas. Hernadéz Astete y Cerron Palomino (ed.) Lima: Fondo Editorial de la PUCP. Página 446. -- Sobre la asignación puquina de <italic>yupanki</italic> véase: Cerron Palomino, R. (2013). Capac e Iqui: nombres puquinas de rango señorial. En Las lenguas de los incas (pp. 113 - 132). Frankfurt: PL Academic Research. "
"Chui/Chuy","Incierto","/Ch'uy/","Para la interpretación fonética véase: Betanzos, Juan. (2018[1551]). Juan de Betanzos y el Tahuantinsuyo: Nueva edición de la Suma y Narración de los Incas. Hernadéz Astete y Cerron Palomino (ed.) Lima: Fondo Editorial de la PUCP. Página 446."
"chunbes/chunbis","Quechua","/Chunpi/","Véase: Anónimo (2014 [1586]) Arte y vocabulario en la lengua general del Perú. Edición interpretada y modernizada de Cerrón-Palomino, R., Araujo, R. B., & Palma, J. A. Lima: Pontificia Universidad Católica del Perú, Instituto Riva-Agüero. P. 89."
"chunbivilcas/chunbibilcas","Quechua/Aimara","/Chunpi willka/","Para <italic>chunpi</italic> véase: Anónimo (2014 [1586]) Arte y vocabulario en la lengua general del Perú. Edición interpretada y modernizada de Cerrón-Palomino, R., Araujo, R. B., & Palma, J. A. Lima: Pontificia Universidad Católica del Perú, Instituto Riva-Agüero. P. 89. -- Para<italic> willka</italic> véase: Bertonio, L. (2006 [1612]) Vocabulario de la lengua aymara. Perú: Ediciones El Lector. Página: 742."
"chuño","Quechua","/Ch'uñu/","Véase: Anónimo (2014 [1586]) Arte y vocabulario en la lengua general del Perú. Edición interpretada y modernizada de Cerrón-Palomino, R., Araujo, R. B., & Palma, J. A. Lima: Pontificia Universidad Católica del Perú, Instituto Riva-Agüero. P. 90."
"Chupas","Incierto","/Chupas/, /Chupash/","n.d."
"Chuqui Chuipa/Chuquihuipa","Puquina/Incierto","/Chuqi Huyphi/","Interpretación fonética basada en: Betanzos, Juan. (2018[1551]). Juan de Betanzos y el Tahuantinsuyo: Nueva edición de la Suma y Narración de los Incas. Hernadéz Astete y Cerron Palomino (ed.) Lima: Fondo Editorial de la PUCP. Página 447. -- Para la afiliación puquina de <italic>chuqi</italic> véase: Fossa, L. (2018) Bajo el cielo de Chuqikirau. Lima: Editorial Horizonte. Página 230."
"Chuquisaca","Puquina/Aimara","/Chuqi Sakha/","Véase: Cerrón Palomino, R. (2008) Voces del Ande. Ensayos sobre onomástica andina. Perú: Fondo editorial de la Pontificia Universidad Católica del Perú. Página 375."
"Chuquyapo/Chuquiyapo","Puquina/Aimara","/Chuqi yapu/","Véase: Cerrón Palomino, R. (2008) Voces del Ande. Ensayos sobre onomástica andina. Perú: Fondo editorial de la Pontificia Universidad Católica del Perú. Página 324."
"coca","Aimara","Incierto","No hemos hallado este nombre como vocablo independiente en quechua sino en conjunción con otras palabras, sin embargo si hemos hallado la palabra de forma independiente en aimara como forma de nombrar a la hoja de esta planta. Al respecto véase Bertonio, L. (2006 [1612]) Vocabulario de la lengua aymara. Perú: Ediciones El Lector. Página: 473."
"cocha","Quechua","/Qucha/","Véase: Anónimo (2014 [1586]) Arte y vocabulario en la lengua general del Perú. Edición interpretada y modernizada de Cerrón-Palomino, R., Araujo, R. B., & Palma, J. A. Lima: Pontificia Universidad Católica del Perú, Instituto Riva-Agüero. P. 68."
"Cocha","Quechua","/Qucha/","Véase: Anónimo (2014 [1586]) Arte y vocabulario en la lengua general del Perú. Edición interpretada y modernizada de Cerrón-Palomino, R., Araujo, R. B., & Palma, J. A. Lima: Pontificia Universidad Católica del Perú, Instituto Riva-Agüero. P. 68."
"Cochabanva/Cochabanba","Quechua/Quechua","/Qucha panpa/","Es necesario notar que cuando se refiere Cochabamba en las cercanias de Curahuasi o el rio Apurimac es probable que se esté refiriendo a Cotabambas. Véase al respecto: Betanzos, Juan. (2018[1551]). Juan de Betanzos y el Tahuantinsuyo: Nueva edición de la Suma y Narración de los Incas. Hernadéz Astete y Cerron Palomino (ed.) Lima: Fondo Editorial de la PUCP. Página 458. -- Para <italic>qucha</italic> véase: Anónimo (2014 [1586]) Arte y vocabulario en la lengua general del Perú. Edición interpretada y modernizada de Cerrón-Palomino, R., Araujo, R. B., & Palma, J. A. Lima: Pontificia Universidad Católica del Perú, Instituto Riva-Agüero. P. 68. -- Para <italic>panpa</italic> véase: Anónimo (2014 [1586]) Arte y vocabulario en la lengua general del Perú. Edición interpretada y modernizada de Cerrón-Palomino, R., Araujo, R. B., & Palma, J. A. Lima: Pontificia Universidad Católica del Perú, Instituto Riva-Agüero. P. 143."
"colla/collas","Quechua","/Qulla/","Véase: Gonzalez Holguín, D. (1989[1608]) Vocabulario de la lengva general de todo el Perv llamada lengua qquichua o del inca. Lima: Universidad Nacional Mayor de San Marcos. Página: 66."
"collaguas","Quechua/Aimara","/Qulla wa/","Para <italic>Qulla</italic> véase: Gonzalez Holguín, D. (1989[1608]) Vocabulario de la lengva general de todo el Perv llamada lengua qquichua o del inca. Lima: Universidad Nacional Mayor de San Marcos. Página: 66. -- Es de notar que el sufijo aymara -wi varia en la toponimia con -wa y tambien con -w. Al respecto véase: Cerrón Palomino, R. (2008) Voces del Ande. Ensayos sobre onomástica andina. Perú: Fondo editorial de la Pontificia Universidad Católica del Perú. Página 198, pie de página."
"Collanachacara","Quechua/Quechua","/Qullana chakra/","Probablemente haya que entender 'estremada sementera' como 'sementera apartada'. Los terminos quechuas que lo componen son 'qullana' y 'chakra', para <italic>qullana</italic> véase: Anónimo (2014 [1586]) Arte y vocabulario en la lengua general del Perú. Edición interpretada y modernizada de Cerrón-Palomino, R., Araujo, R. B., & Palma, J. A. Lima: Pontificia Universidad Católica del Perú, Instituto Riva-Agüero. P. 68. -- Para <italic>chakra</italic> véase: Anónimo (2014 [1586]) Arte y vocabulario en la lengua general del Perú. Edición interpretada y modernizada de Cerrón-Palomino, R., Araujo, R. B., & Palma, J. A. Lima: Pontificia Universidad Católica del Perú, Instituto Riva-Agüero. P. 80."
"Collao","Quechua/Aimara","/Qulla w/","Para <italic>Qulla</italic> véase: Gonzalez Holguín, D. (1989[1608]) Vocabulario de la lengva general de todo el Perv llamada lengua qquichua o del inca. Lima: Universidad Nacional Mayor de San Marcos. Página: 66. -- Es de notar que el sufijo aymara -wi varia en la toponimia con -wa y tambien con -w. Al respecto véase: Cerrón Palomino, R. (2008) Voces del Ande. Ensayos sobre onomástica andina. Perú: Fondo editorial de la Pontificia Universidad Católica del Perú. Página 198, pie de página."
"Collasuyo","Quechua/Quechua","/Qulla shuyu/","Para <italic>Qulla</italic> véase: Gonzalez Holguín, D. (1989[1608]) Vocabulario de la lengva general de todo el Perv llamada lengua qquichua o del inca. Lima: Universidad Nacional Mayor de San Marcos. Página: 66. -- Para <italic>suyu</italic> véase: Santo Tomas, D. [1560] Lexicon o vocabulario de la lengua general del Peru. Recuperado de: https://archive.org/details/lexiconovocabula00domi/page/n351/mode/2up"
"Condesuyo","Incierto/Quechua","Incierto","Para <italic>suyu</italic> véase: Santo Tomas, D. [1560] Lexicon o vocabulario de la lengua general del Peru. Recuperado de: https://archive.org/details/lexiconovocabula00domi/page/n351/mode/2up"
"Contiti Viracocha/Contiti Viracocha Pachayachachic/Viracocha/Viracocha Pacha Yachachic/Viracocha Ynga","Puquina/Incierto/Quechua","/Q'uñi titi Wiraqucha pacha yachachiq/","Para 'contiti' y su asignación puquina véase: Cerron Palomino, R. (2013). Contiti: divinidad suprema de origen lacustre (pp. 133-155). Frankfurt: PL Academic Research. --Sobre 'viracocha' consideramos que hace falta mayores investigaciones, para una sintesis de interpretaciónes así como una conclusión posible de este vocablo véase: Cerron Palomino, R. (2013). Viracocha: quechuización de una metonimia aimara (pp. 279-293). Frankfurt: PL Academic Research. -- Para el epíteto <italic>pacha</italic> <italic>yachachiq</italic> que asignamos como quechua véase: Anónimo (2014 [1586]) Arte y vocabulario en la lengua general del Perú. Edición interpretada y modernizada de Cerrón-Palomino, R., Araujo, R. B., & Palma, J. A. Lima: Pontificia Universidad Católica del Perú, Instituto Riva-Agüero. P. 141, 179 y 180. -- Para <italic>inqa</italic> y su asignación puquina véase: Cerrón Palomino, R. (2021) Los riesgos de una linguistica desmemoriada: A proposito de la etimología puquina de <inca>. En Lexis, Vol XLV (1) 2021, pp. 227 - 261."
"Contiti Viracocha/Viracocha/Contiti Viracocha Pachayachachic","Puquina/Incierto/Quechua","/Q'uñi titi Wiraqucha pacha yachachiq/","Para 'contiti' y su asignación puquina véase: Cerron Palomino, R. (2013). Contiti: divinidad suprema de origen lacustre (pp. 133-155). Frankfurt: PL Academic Research. --Sobre 'viracocha' consideramos que hace falta mayores investigaciones, para una sintesis de interpretaciónes así como una conclusión posible de este vocablo véase: Cerron Palomino, R. (2013). Viracocha: quechuización de una metonimia aimara (pp. 279-293). Frankfurt: PL Academic Research. -- Para el epíteto <italic>pacha</italic> <italic>yachachiq</italic> que asignamos como quechua véase: Anónimo (2014 [1586]) Arte y vocabulario en la lengua general del Perú. Edición interpretada y modernizada de Cerrón-Palomino, R., Araujo, R. B., & Palma, J. A. Lima: Pontificia Universidad Católica del Perú, Instituto Riva-Agüero. P. 141, 179 y 180. -- Para <italic>inqa</italic> y su asignación puquina véase: Cerrón Palomino, R. (2021) Los riesgos de una linguistica desmemoriada: A proposito de la etimología puquina de <inca>. En Lexis, Vol XLV (1) 2021, pp. 227 - 261."
"Copayapo","Puquina/Aimara","/Qupa yapu/","Para <italic>qupa</italic> véase: Cerrón-Palomino, R. (2016). El lenguaje como hermenéutica en la comprensión del pasado: a propósito del puquina en la génesis del imperio incaico. Diálogo andino, (49), 11-27. -- Para <italic>yapu</italic> véase: Bertonio, L. (2006 [1612]) Vocabulario de la lengua aymara. Perú: Ediciones El Lector. Página: 748."
"copayapos","Puquina/Aimara","/Qupa yapu/","Para <italic>qupa</italic> véase: Cerrón-Palomino, R. (2016). El lenguaje como hermenéutica en la comprensión del pasado: a propósito del puquina en la génesis del imperio incaico. Diálogo andino, (49), 11-27. -- Para <italic>yapu</italic> véase: Bertonio, L. (2006 [1612]) Vocabulario de la lengua aymara. Perú: Ediciones El Lector. Página: 748."
"Cora","Quechua","/Qura/","Consideramos que para este periodo el quechua ya era la lengua materna de varios miembros de la élite incaica. Por ello asignamos al quechua su nombre. Sobre <italic>qura</italic> véase: Anónimo (2014 [1586]) Arte y vocabulario en la lengua general del Perú. Edición interpretada y modernizada de Cerrón-Palomino, R., Araujo, R. B., & Palma, J. A. Lima: Pontificia Universidad Católica del Perú, Instituto Riva-Agüero. P. 70. -- Sobre la historia de las lenguas en los andes centrales véase: Cerron Palomino, R. (2013). Contactos y desplazamientos lingüisticos en los andes centro-sureños: el puquina, el aimara y el quechua (pp. 297-332). Frankfurt: PL Academic Research."
"Coracora","Quechua/Quechua","/Qura qura/","Fenómeno de duplicación que es común en quechua, sobre el vocablo <italic>qura</italic> en cuestión véase: Anónimo (2014 [1586]) Arte y vocabulario en la lengua general del Perú. Edición interpretada y modernizada de Cerrón-Palomino, R., Araujo, R. B., & Palma, J. A. Lima: Pontificia Universidad Católica del Perú, Instituto Riva-Agüero. P. 70"
"Coriatao/Curiatao","Quechua/Quechua","/Quri Ataw/","Sobre <italic>quri</italic> véase: Anónimo (2014 [1586]) Arte y vocabulario en la lengua general del Perú. Edición interpretada y modernizada de Cerrón-Palomino, R., Araujo, R. B., & Palma, J. A. Lima: Pontificia Universidad Católica del Perú, Instituto Riva-Agüero. P. 70. -- Para <italic>ataw</italic> véase:  Gonzalez Holguín, D. (1989[1608]) Vocabulario de la lengva general de todo el Perv llamada lengua qquichua o del inca. Lima: Universidad Nacional Mayor de San Marcos. Página: 36."
"Cotocoto","Quechua/Quechua","/Qutu qutu/","Fenómeno de duplicación es común en quechua, sobre el vocablo <italic>qutu</italic> en cuestión véase: Anónimo (2014 [1586]) Arte y vocabulario en la lengua general del Perú. Edición interpretada y modernizada de Cerrón-Palomino, R., Araujo, R. B., & Palma, J. A. Lima: Pontificia Universidad Católica del Perú, Instituto Riva-Agüero. P. 70"
"cozcoynacacuna","Aimara/Quechua","/Qusqu Iñaqakuna/","Para la asignación aimara de 'Qusqu' y una interpretación del nombre véase: Cerrón Palomino, R. (2006) Cuzco: la piedra donde se posó la lechuza.Historia de un nombre. En Lexis XXX.1, pp. 143 - 184. Página 169. -- Respecto de 'iñaqa', la interpretación fonética véase:  Betanzos, Juan. (2018[1551]). Juan de Betanzos y el Tahuantinsuyo: Nueva edición de la Suma y Narración de los Incas. Hernadéz Astete y Cerron Palomino (ed.) Lima: Fondo Editorial de la PUCP. Página 454. -- Es interesante la entrada 'iñaca' que aparece en aimara Bertonio: 'Muger que viene de la casta noble de los incas' (2006[1612], p. 573), véase: Bertonio, L. (2006 [1612]) Vocabulario de la lengua aymara. Perú: Ediciones El Lector."
"Cura","Incierto","Incierto","Aunque <italic>qura</italic> exista en quechua como 'hierba', el hecho de que en la época de la leyenda de los hermanos ayar aun no habia llegado el quechua a esta zona hacen poco probable que podamos usar este vocablo como explicación del nombre. Sobre nuestra afirmación de <italic>qura</italic> como quechua véase: Anónimo (2014 [1586]) Arte y vocabulario en la lengua general del Perú. Edición interpretada y modernizada de Cerrón-Palomino, R., Araujo, R. B., & Palma, J. A. Lima: Pontificia Universidad Católica del Perú, Instituto Riva-Agüero. P. 70. -- Sobre la historia de las lenguas en los andes centrales véase: Cerron Palomino, R. (2013). Contactos y desplazamientos lingüisticos en los andes centro-sureños: el puquina, el aimara y el quechua (pp. 297-332). Frankfurt: PL Academic Research."
"Curaguaçi","Quechua/Quechua","/Qura wasi/","Sobre <italic>qura</italic> véase: Anónimo (2014 [1586]) Arte y vocabulario en la lengua general del Perú. Edición interpretada y modernizada de Cerrón-Palomino, R., Araujo, R. B., & Palma, J. A. Lima: Pontificia Universidad Católica del Perú, Instituto Riva-Agüero. P. 70. -- Sobre <italic>wasi</italic> véase: Anónimo (2014 [1586]) Arte y vocabulario en la lengua general del Perú. Edición interpretada y modernizada de Cerrón-Palomino, R., Araujo, R. B., & Palma, J. A. Lima: Pontificia Universidad Católica del Perú, Instituto Riva-Agüero. P. 102"
"Curanba","Incierto","Incierto","n.d."
"Cuxi","Quechua","/Kushi/","Sobre la interpretación fonética de 'x'  véase: Cerrón Palomino, R. (2010) La grafía 'x' en la toponimia andina (siglos XVI-XVII): ejemplos representativos. En Revista Andina, No. 50, pp. 83-113.-- Sobre <italic>kushi</italic> véase: Anónimo (2014 [1586]) Arte y vocabulario en la lengua general del Perú. Edición interpretada y modernizada de Cerrón-Palomino, R., Araujo, R. B., & Palma, J. A. Lima: Pontificia Universidad Católica del Perú, Instituto Riva-Agüero. P. 73."
"Cuxi Yupangue/Cuxy Yupangue","Quechua/Puquina","/Kushi Yupanki/","Sobre la interpretación fonética de 'x'  véase: Cerrón Palomino, R. (2010) La grafía 'x' en la toponimia andina (siglos XVI-XVII): ejemplos representativos. En Revista Andina, No. 50, pp. 83-113.-- Sobre <italic>kushi</italic> véase: Anónimo (2014 [1586]) Arte y vocabulario en la lengua general del Perú. Edición interpretada y modernizada de Cerrón-Palomino, R., Araujo, R. B., & Palma, J. A. Lima: Pontificia Universidad Católica del Perú, Instituto Riva-Agüero. P. 73. -- Sobre <italic>yupanki</italic> véase: véase: Cerron Palomino, R. (2013). Capac e Iqui: nombres puquinas de rango señorial. En Las lenguas de los incas (pp. 113 - 132). Frankfurt: PL Academic Research. "
"cuxipata cato","Quechua/Quechua/Quechua","/Kushi pata qhatu/","Sobre la interpretación fonética de 'x'  véase: Cerrón Palomino, R. (2010) La grafía 'x' en la toponimia andina (siglos XVI-XVII): ejemplos representativos. En Revista Andina, No. 50, pp. 83-113.-- Sobre <italic>kushi</italic> véase: Anónimo (2014 [1586]) Arte y vocabulario en la lengua general del Perú. Edición interpretada y modernizada de Cerrón-Palomino, R., Araujo, R. B., & Palma, J. A. Lima: Pontificia Universidad Católica del Perú, Instituto Riva-Agüero. P. 73. -- Sobre <italic>pata</italic> véase: Anónimo (2014 [1586]) Arte y vocabulario en la lengua general del Perú. Edición interpretada y modernizada de Cerrón-Palomino, R., Araujo, R. B., & Palma, J. A. Lima: Pontificia Universidad Católica del Perú, Instituto Riva-Agüero. P. 145. -- Sobre <italic>qhatu</italic> véase: Anónimo (2014 [1586]) Arte y vocabulario en la lengua general del Perú. Edición interpretada y modernizada de Cerrón-Palomino, R., Araujo, R. B., & Palma, J. A. Lima: Pontificia Universidad Católica del Perú, Instituto Riva-Agüero. P. 63."
"Cuxirima Ocllo/Cuxirimay Ocllo/Cuxirimai Ocllo","Quechua/Quechua/incierto","/Kushi rimay uqllu/","Sobre la interpretación fonética de 'x'  véase: Cerrón Palomino, R. (2010) La grafía 'x' en la toponimia andina (siglos XVI-XVII): ejemplos representativos. En Revista Andina, No. 50, pp. 83-113.-- Sobre <italic>kushi</italic> véase: Anónimo (2014 [1586]) Arte y vocabulario en la lengua general del Perú. Edición interpretada y modernizada de Cerrón-Palomino, R., Araujo, R. B., & Palma, J. A. Lima: Pontificia Universidad Católica del Perú, Instituto Riva-Agüero. P. 73. -- Sobre <italic>rimay</italic> véase: Anónimo (2014 [1586]) Arte y vocabulario en la lengua general del Perú. Edición interpretada y modernizada de Cerrón-Palomino, R., Araujo, R. B., & Palma, J. A. Lima: Pontificia Universidad Católica del Perú, Instituto Riva-Agüero. P. 160. -- Para la interpretación fonética de 'ocllo' véase: Betanzos, Juan. (2018 [1551]). Juan de Betanzos y el Tahuantinsuyo: Nueva edición de la Suma y Narración de los Incas. Hernadéz Astete y Cerron Palomino (ed.) Lima: Fondo Editorial de la PUCP. Página 448."
"Cuxirimachi","Quechua/Quechua","/Kushi rimachi/","Sobre la interpretación fonética de 'x'  véase: Cerrón Palomino, R. (2010) La grafía 'x' en la toponimia andina (siglos XVI-XVII): ejemplos representativos. En Revista Andina, No. 50, pp. 83-113.-- Sobre <italic>kushi</italic> véase: Anónimo (2014 [1586]) Arte y vocabulario en la lengua general del Perú. Edición interpretada y modernizada de Cerrón-Palomino, R., Araujo, R. B., & Palma, J. A. Lima: Pontificia Universidad Católica del Perú, Instituto Riva-Agüero. P. 73. -- Sobre <italic>rimachi</italic> véase: Anónimo (2014 [1586]) Arte y vocabulario en la lengua general del Perú. Edición interpretada y modernizada de Cerrón-Palomino, R., Araujo, R. B., & Palma, J. A. Lima: Pontificia Universidad Católica del Perú, Instituto Riva-Agüero. P. 160."
"Cuxirimay","Quechua","/Kushi rimay/","Sobre la interpretación fonética de 'x'  véase: Cerrón Palomino, R. (2010) La grafía 'x' en la toponimia andina (siglos XVI-XVII): ejemplos representativos. En Revista Andina, No. 50, pp. 83-113.-- Sobre <italic>kushi</italic> véase: Anónimo (2014 [1586]) Arte y vocabulario en la lengua general del Perú. Edición interpretada y modernizada de Cerrón-Palomino, R., Araujo, R. B., & Palma, J. A. Lima: Pontificia Universidad Católica del Perú, Instituto Riva-Agüero. P. 73. -- Sobre <italic>rimay</italic> véase: Anónimo (2014 [1586]) Arte y vocabulario en la lengua general del Perú. Edición interpretada y modernizada de Cerrón-Palomino, R., Araujo, R. B., & Palma, J. A. Lima: Pontificia Universidad Católica del Perú, Instituto Riva-Agüero. P. 160."
"Cuxitopa Yupangue","Quechua/Puquina","/Kushi Thupa Yupanki/","Sobre la interpretación fonética de 'x'  véase: Cerrón Palomino, R. (2010) La grafía 'x' en la toponimia andina (siglos XVI-XVII): ejemplos representativos. En Revista Andina, No. 50, pp. 83-113.-- Sobre <italic>kushi</italic> véase: Anónimo (2014 [1586]) Arte y vocabulario en la lengua general del Perú. Edición interpretada y modernizada de Cerrón-Palomino, R., Araujo, R. B., & Palma, J. A. Lima: Pontificia Universidad Católica del Perú, Instituto Riva-Agüero. P. 73. -- -- Sobre la interpretación de 'topa', consideramos que esta relacionado con el actual apellido 'Thupa', apellido que adenás aparece en la documentación colonial. Por otro lado, González Holguín (1952[1608], p. 225) anota 'ttopa coca' como 'coca de hojas chicas'. Véase: Gonzales Holguin, D. (1952 [1608]) Vocabulario de la lengva general de todo el Perv llamada lengua qquichua o del inca. Lima: Universidad Nacional Mayor de San Marcos. Página: 225. -- Sobre <italic>yupanki</italic> véase: Cerron Palomino, R. (2013). Capac e Iqui: nombres puquinas de rango señorial. En Las lenguas de los incas (pp. 113 - 132). Frankfurt: PL Academic Research. "
"Cuzco/Cozco","Aimara","/Qusqu/","Véase: Cerrón Palomino, R. (2006) Cuzco: la piedra donde se posó la lechuza.Historia de un nombre. En Lexis XXX.1, pp. 143 - 184. Página 169."
"Çangaguaçi","Incierto/Quechua","Incierto","Tenemos poca información del vocablo 'Çanga', Holguín lo registra 'samka' (Holguín, 1608, primer libro, p. 323), véase en: Gonzales, H. (1608). Vocabvlario de la lengva general de todo el Perv llamada lengua Qquichua o del Inca. Versión digitalizada por la Biblioteca Nacional de Chile, ubicable en: http://www.memoriachilena.gob.cl/602/w3-article-9530.html. -- Para 'wasi' véase:  Anónimo (2014 [1586]) Arte y vocabulario en la lengua general del Perú. Edición interpretada y modernizada de Cerrón-Palomino, R., Araujo, R. B., & Palma, J. A. Lima: Pontificia Universidad Católica del Perú, Instituto Riva-Agüero. Página: 102."
"Çaña","Incierto","/Saña/","Para la interpretación fonética véase: Betanzos, Juan. (2018 [1551]). Juan de Betanzos y el Tahuantinsuyo: Nueva edición de la Suma y Narración de los Incas. Hernadéz Astete y Cerron Palomino (ed.) Lima: Fondo Editorial de la PUCP. Página: 459."
"Çaño","Incierto","/Sañu/","Aunque actualmente en quechua existe la palabra <italic>sañu</italic>, esta palabra fue registrada con la letra S en vocabularios coloniales, lo que nos conduce a reconstruirlo como 'shañu'. En este punto cabría preguntarse si la reducción de 'SH' en 'S' ya habia ocurrido en el quechua cuzqueño de la época o estamos frente a un vocablo distinto. Sobre 'shañu' véase: Anónimo (2014 [1586]) Arte y vocabulario en la lengua general del Perú. Edición interpretada y modernizada de Cerrón-Palomino, R., Araujo, R. B., & Palma, J. A. Lima: Pontificia Universidad Católica del Perú, Instituto Riva-Agüero. Página: 162"
"Çapa Ynga","Incierto/Puquina","/Sap'a inqa/","Para 'sap'a' véase: Cerrón-Palomino, R. (2016). El lenguaje como hermenéutica en la comprensión del pasado: a propósito del puquina en la génesis del imperio incaico. Diálogo andino, (49), 11-27. -- Para 'inqa' véase: Cerrón Palomino, R. (2021) Los riesgos de una linguistica desmemoriada: A propósito de la etimología puquina de 'inca'. En Lexis, Vol XLV (1) 2021, pp. 227 - 261."
"çapçi churi","Quechua/Quechua","/Sapsi churi/","que dize hijo del común'. Para ver los términos por separado véase para 'Sapsi': Gonzalez Holguín, D. (1989[1608]) Vocabulario de la lengva general de todo el Perv llamada lengua qquichua o del inca. Lima: Universidad Nacional Mayor de San Marcos. Página: 324. -- Para 'churi' véase: Anónimo (2014 [1586]) Arte y vocabulario en la lengua general del Perú. Edición interpretada y modernizada de Cerrón-Palomino, R., Araujo, R. B., & Palma, J. A. Lima: Pontificia Universidad Católica del Perú, Instituto Riva-Agüero. Página: 91."
"çaramama","Quechua/Quechua","/Sara mama/","Para <italic>sara</italic> como 'maiz', véase:  Anónimo (2014 [1586]) Arte y vocabulario en la lengua general del Perú. Edición interpretada y modernizada de Cerrón-Palomino, R., Araujo, R. B., & Palma, J. A. Lima: Pontificia Universidad Católica del Perú, Instituto Riva-Agüero. Página: 77. -- Para <italic>mama</italic>, véase: Anónimo (2014 [1586]) Arte y vocabulario en la lengua general del Perú. Edición interpretada y modernizada de Cerrón-Palomino, R., Araujo, R. B., & Palma, J. A. Lima: Pontificia Universidad Católica del Perú, Instituto Riva-Agüero. Página: 125"
"Çayre Topa Yupangue/Çayre Topa/Çaire Topa/Çairetopa","Quechua/Quechua/Puquina","/Sayri Thupa Yupanki/","Para <italic>sayri</italic> véase: Anónimo (2014 [1586]) Arte y vocabulario en la lengua general del Perú. Edición interpretada y modernizada de Cerrón-Palomino, R., Araujo, R. B., & Palma, J. A. Lima: Pontificia Universidad Católica del Perú, Instituto Riva-Agüero. Página: 162. -- Respecto de <italic>thupa</italic> consideramos que 'topa'  esta relacionado con el actual apellido 'Thupa', apellido que además aparece en la documentación colonial. Por otro lado, González Holguín (1952[1608], p. 225) anota 'ttopa coca' como 'coca de hojas chicas'. Consideramos que hay que ver en 'ttopa coca' a lo que sería en ortografía moderna <italic>thupa kuka</italic>, al respecto véase: Gonzales Holguin, D. (1952 [1608]) Vocabulario de la lengva general de todo el Perv llamada lengua qquichua o del inca. Lima: Universidad Nacional Mayor de San Marcos. Página: 225 . -- Sobre <italic>yupanki</italic> véase: Cerron Palomino, R. (2013). Capac e Iqui: nombres puquinas de rango señorial. En Las lenguas de los incas (pp. 113 - 132). Frankfurt: PL Academic Research. "
"Çayre Topa Yupangue/Çayre Topa/Çaire Topa/Çairetopa/Çayretopa","Quechua/Quechua/Puquina","/Sayri Thupa Yupanki/","Para <italic>sayri</italic> véase: Anónimo (2014 [1586]) Arte y vocabulario en la lengua general del Perú. Edición interpretada y modernizada de Cerrón-Palomino, R., Araujo, R. B., & Palma, J. A. Lima: Pontificia Universidad Católica del Perú, Instituto Riva-Agüero. Página: 162. -- Respecto de <italic>thupa</italic> consideramos que 'topa'  esta relacionado con el actual apellido 'Thupa', apellido que además aparece en la documentación colonial. Por otro lado, González Holguín (1952[1608], p. 225) anota 'ttopa coca' como 'coca de hojas chicas'. Consideramos que hay que ver en 'ttopa coca' a lo que sería en ortografía moderna <italic>thupa kuka</italic>, al respecto véase: Gonzales Holguin, D. (1952 [1608]) Vocabulario de la lengva general de todo el Perv llamada lengua qquichua o del inca. Lima: Universidad Nacional Mayor de San Marcos. Página: 225 . -- Sobre <italic>yupanki</italic> véase: Cerron Palomino, R. (2013). Capac e Iqui: nombres puquinas de rango señorial. En Las lenguas de los incas (pp. 113 - 132). Frankfurt: PL Academic Research. "
"Çincheroca","Quechua/Puquina","/Sinchi Ruqa/","Probablemente interpretable como 'jefe fuerte', para 'sinchi' como 'fuerte' véase: Anónimo (2014 [1586]) Arte y vocabulario en la lengua general del Perú. Edición interpretada y modernizada de Cerrón-Palomino, R., Araujo, R. B., & Palma, J. A. Lima: Pontificia Universidad Católica del Perú, Instituto Riva-Agüero. Página: 66. -- La asignación de 'roca' al puquina viene por una cita de Cerrón Palomino que hace referencia al diccionario Callahuaya-Castellano de Oblitas donde 'lokka' aparece como 'jefatura'. Al respecto véase: Cerrón Palomino, R. (2013). El corpus garcilasiano de la lengua particular. En Las lenguas de los incas (pp. 83 - 111). Frankfurt: PL Academic Research. Página 92."
"Çiquinchara","Incierto","/Sikinchara/","Para la interpretación fonética véase: Betanzos, Juan. (2018 [1551]). Juan de Betanzos y el Tahuantinsuyo: Nueva edición de la Suma y Narración de los Incas. Hernadéz Astete y Cerron Palomino (ed.) Lima: Fondo Editorial de la PUCP. Página: 446."
"Çoçora/Çoçota","Incierto","Incierto","n.d."
